company,year,Price,kms_driven,fuel_type,model
Hyundai,2007,80000,45000,Petrol,Santro Xing
Mahindra,2006,425000,40,Diesel,Jeep CL550
Hyundai,2014,325000,28000,Petrol,Grand i10
Ford,2014,575000,36000,Diesel,EcoSport Titanium
Ford,2012,175000,41000,Diesel,Figo
Hyundai,2013,190000,25000,Petrol,Eon
Ford,2016,830000,24530,Diesel,EcoSport Ambiente
Maruti,2015,250000,60000,Petrol,Suzuki Alto
Skoda,2010,182000,60000,Petrol,Fabia Classic
Maruti,2015,315000,30000,Petrol,Suzuki Stingray
Hyundai,2014,415000,32000,Petrol,Elite i20
Mahindra,2015,320000,48660,Diesel,Scorpio SLE
Hyundai,2007,80000,45000,Petrol,Santro Xing
Mahindra,2006,425000,40,Diesel,Jeep CL550
Audi,2017,1000000,4000,Petrol,A8
Audi,2014,500000,16934,Diesel,Q7
Mahindra,2016,350000,43000,Diesel,Scorpio S10
Maruti,2014,160000,35550,Petrol,Suzuki Alto
Mahindra,2016,350000,43000,Diesel,Scorpio S10
Mahindra,2016,310000,39522,Diesel,Scorpio S10
Maruti,2015,75000,39000,Petrol,Suzuki Alto
Hyundai,2012,100000,55000,Petrol,i20 Sportz
Hyundai,2012,100000,55000,Petrol,i20 Sportz
Hyundai,2012,100000,55000,Petrol,i20 Sportz
Maruti,2017,190000,72000,Petrol,Suzuki Alto
Maruti,2016,290000,15975,Diesel,Suzuki Vitara
Maruti,2008,95000,70000,Petrol,Suzuki Alto
Mahindra,2017,180000,23452,Diesel,Bolero DI
Maruti,2014,385000,35522,Diesel,Suzuki Swift
Mahindra,2015,250000,48508,Diesel,Scorpio S10
Maruti,2017,180000,15487,Petrol,Suzuki Swift
Maruti,2013,105000,39000,Petrol,Suzuki Wagon
Maruti,2013,105000,39000,Petrol,Suzuki Wagon
Toyota,2012,650000,82000,Diesel,Innova 2.0
Renault,2018,689999,20000,Diesel,Lodgy 85
Skoda,2012,448000,68000,Diesel,Yeti Ambition
Maruti,2017,549000,32000,Diesel,Suzuki Baleno
Renault,2012,501000,38000,Diesel,Duster 110
Renault,2013,489999,27000,Diesel,Duster 85
Honda,2011,280000,33000,Petrol,City 1.5
Maruti,2015,250000,60000,Petrol,Suzuki Alto
Maruti,2013,349999,46000,Diesel,Suzuki Dzire
Honda,2013,284999,46000,Diesel,Amaze
Honda,2015,345000,36000,Diesel,Amaze 1.5
Honda,2015,499999,55000,Petrol,City
Datsun,2017,235000,16000,Petrol,Redi GO
Maruti,2010,249999,36000,Petrol,Suzuki SX4
Mitsubishi,2015,1475000,47000,Diesel,Pajero Sport
Mahindra,2017,180000,23452,Diesel,Bolero DI
Maruti,2014,385000,35522,Diesel,Suzuki Swift
Mahindra,2015,250000,48508,Diesel,Scorpio S10
Maruti,2017,180000,15487,Petrol,Suzuki Swift
Maruti,2013,105000,39000,Petrol,Suzuki Wagon
Maruti,2013,105000,39000,Petrol,Suzuki Wagon
Mahindra,2015,395000,35000,Diesel,Scorpio S10
Maruti,2017,220000,30874,Petrol,Suzuki Swift
Honda,2017,170000,15000,Diesel,City ZX
Maruti,2013,85000,29685,Petrol,Suzuki Wagon
Ford,2012,175000,41000,Diesel,Figo
Hyundai,2013,190000,25000,Petrol,Eon
Tata,2017,200000,130000,Diesel,Indigo eCS
Ford,2016,830000,24530,Diesel,EcoSport Ambiente
Tata,2017,200000,130000,Diesel,Indigo eCS
Mahindra,2012,570000,19000,Diesel,Scorpio SLE
Volkswagen,2014,315000,60000,Petrol,Polo Highline
Skoda,2010,182000,60000,Petrol,Fabia Classic
Maruti,2015,315000,30000,Petrol,Suzuki Stingray
Chevrolet,2010,110000,41000,Petrol,Spark LS
Renault,2012,501000,35000,Diesel,Duster 110PS
Honda,2015,448999,54000,Petrol,City
Mini,2013,1891111,13000,Petrol,Cooper S
Datsun,2017,235000,16000,Petrol,Redi GO
Skoda,2011,159500,38200,Diesel,Fabia 1.2L
Honda,2015,344999,22000,Petrol,Amaze
Honda,2015,344999,22000,Petrol,Amaze
Renault,2014,449999,50000,Diesel,Duster
Mini,2013,1891111,13500,Petrol,Cooper S
Mahindra,2015,865000,30000,Diesel,Scorpio S4
Mahindra,2014,699000,50000,Diesel,Scorpio VLX
Mahindra,2013,375000,20000,Diesel,Quanto C8
Ford,2017,489999,39000,Petrol,EcoSport
Honda,2012,224999,30000,Petrol,Brio
Volkswagen,2019,1200000,3600,Diesel,Vento Highline
Hyundai,2009,195000,32000,Petrol,i20 Magna
Toyota,2010,351000,38000,Diesel,Corolla Altis
Hyundai,2008,160000,45000,Petrol,Verna Transform
Toyota,2009,240000,35000,Petrol,Corolla Altis
Honda,2005,90000,50000,Petrol,City 1.5
Hyundai,2014,415000,32000,Petrol,Elite i20
Skoda,2011,155000,45863,Diesel,Fabia 1.2L
BMW,2011,600000,60500,Petrol,3 Series
Maruti,2011,189500,12500,Petrol,Suzuki A
Toyota,2013,350000,60000,Diesel,Etios GD
Ford,2012,210000,35000,Diesel,Figo Diesel
Maruti,2014,390000,35000,Petrol,Suzuki Swift
Chevrolet,2012,135000,45000,Diesel,Beat LT
BMW,2009,1600000,35000,Petrol,7 Series
Mahindra,2013,701000,38000,Diesel,XUV500 W8
Hyundai,2014,265000,18000,Petrol,i10 Magna
Hyundai,2015,525000,35000,Diesel,Verna Fluidic
Maruti,2013,372000,13349,Petrol,Suzuki Swift
Maruti,2016,635000,29000,Petrol,Suzuki Ertiga
Ford,2014,550000,44000,Diesel,EcoSport Titanium
Maruti,2016,575000,29000,Petrol,Suzuki Ertiga
Maruti,2013,485000,42000,Diesel,Suzuki Ertiga
Maruti,2012,155000,14000,Petrol,Suzuki Alto
Hyundai,2014,345000,49000,Diesel,Grand i10
Honda,2014,325000,42000,Petrol,Amaze 1.2
Hyundai,2012,329500,36200,Diesel,i20 Asta
Ford,2014,195000,50000,Diesel,Figo Diesel
Maruti,2015,251111,55000,Petrol,Suzuki Eeco
Maruti,2014,569999,45000,Petrol,Suzuki Ertiga
Maruti,2007,69999,51000,Petrol,Suzuki Esteem
Maruti,2014,299999,19000,Petrol,Suzuki Ritz
Maruti,2009,220000,46000,Petrol,Suzuki Dzire
Maruti,2013,399999,33000,Diesel,Suzuki Ritz
Maruti,2013,372000,13349,Petrol,Suzuki Swift
Maruti,2015,450000,104000,Diesel,Suzuki Dzire
Toyota,2014,270000,55000,Petrol,Etios Liva
Hyundai,2011,350000,33333,Diesel,i20 Sportz
Chevrolet,2012,158400,33600,Petrol,Spark
Maruti,2017,350000,5600,Petrol,Suzuki Alto
Nissan,2011,179000,41000,Petrol,Micra XV
Maruti,2007,125000,70000,Petrol,Suzuki Swift
Maruti,2018,200000,7500,Petrol,Suzuki Alto
Honda,2013,299000,45000,Diesel,Amaze 1.5
Maruti,2015,220000,38000,Petrol,Suzuki Alto
Chevrolet,2015,150000,30000,Petrol,Beat
Honda,2010,285000,35000,Petrol,City 1.5
Ford,2016,830000,24330,Diesel,EcoSport Trend
Hyundai,2009,210000,65480,Petrol,i20 Asta
Maruti,2013,340000,41000,Petrol,Suzuki Swift
Tata,2006,90000,20000,Petrol,Indica V2
Hindustan,2000,70000,200000,Diesel,Motors Ambassador
Toyota,2010,289999,70000,Petrol,Corolla Altis
Toyota,2012,349999,59000,Petrol,Corolla Altis
Toyota,2012,849999,99000,Diesel,Innova 2.5
Volkswagen,2014,749999,46000,Diesel,Jetta Highline
Volkswagen,2015,399999,2800,Petrol,Polo Comfortline
Volkswagen,2014,274999,32000,Petrol,Polo
Mahindra,2015,984999,22000,Diesel,Scorpio
Renault,2014,449999,50000,Diesel,Duster
Honda,2015,344999,22000,Petrol,Amaze
Nissan,2012,224999,45000,Petrol,Sunny
Hyundai,2018,599999,21000,Petrol,Elite i20
Renault,2016,244999,11000,Petrol,Kwid
Renault,2013,399999,41000,Diesel,Duster
Ford,2017,489999,39000,Petrol,EcoSport
Renault,2014,474999,50000,Diesel,Duster
Mahindra,2011,499999,66000,Diesel,Scorpio VLX
Maruti,2018,310000,3000,Petrol,Suzuki Alto
Chevrolet,2010,85000,45000,Petrol,Spark LT
Datsun,2016,245000,7000,Petrol,Redi GO
Maruti,2010,189500,38500,Diesel,Suzuki Swift
Fiat,2012,169500,37200,Diesel,Punto Emotion
Maruti,2010,159500,43200,Diesel,Suzuki Swift
Toyota,2013,275000,24800,Petrol,Etios GD
Hyundai,2014,370000,60000,Diesel,i20 Sportz
Hyundai,2010,168000,45872,Petrol,i10 Sportz
Chevrolet,2011,150000,40000,Diesel,Beat LT
Chevrolet,2011,145000,45000,Diesel,Beat LS
Chevrolet,2012,98500,38000,Diesel,Beat LT
Mahindra,2014,699000,50000,Diesel,Scorpio VLX
Tata,2011,85000,11400,Diesel,Indigo CS
Toyota,2015,575000,42000,Petrol,Corolla Altis
Honda,2014,549000,39000,Petrol,City 1.5
Maruti,2011,209000,47000,Diesel,Suzuki Swift
Hyundai,2013,185000,27000,Petrol,Eon Era
Mahindra,2015,900000,97200,Diesel,Scorpio S10
Mahindra,2014,699999,52000,Diesel,XUV500
Honda,2012,224999,30000,Petrol,Brio
Ford,2011,274999,55000,Diesel,Fiesta
Honda,2013,284999,46000,Diesel,Amaze
Honda,2015,599999,30000,Diesel,City
Maruti,2012,199999,44000,Petrol,Suzuki Wagon
Honda,2014,544999,45000,Diesel,City
Hyundai,2009,199000,31000,Petrol,i20
Tata,2016,320000,175430,Diesel,Indigo eCS
Hyundai,2015,540000,38000,Diesel,Fluidic Verna
Mahindra,2013,340000,37000,Diesel,Quanto C8
Fiat,2008,75000,65000,Petrol,Petra ELX
Skoda,2011,159500,38200,Diesel,Fabia 1.2L
Mini,2013,1891111,13000,Petrol,Cooper S
Hyundai,2005,49000,7500,Petrol,Santro Xing
Maruti,2016,700000,3350,Petrol,Suzuki Ciaz
Maruti,2000,55000,60000,Petrol,Suzuki Zen
Honda,2015,448999,54000,Petrol,City
Hyundai,2017,895000,32000,Petrol,Creta 1.6
Mahindra,2007,355000,75000,Diesel,Scorpio SLX
Mahindra,2012,565000,62000,Diesel,Scorpio SLE
Toyota,2006,365000,73000,Diesel,Innova 2.5
Maruti,2011,145000,41000,Petrol,Suzuki Alto
Maruti,2011,210000,35000,Petrol,Suzuki Wagon
Tata,2013,40000,2200,Petrol,Nano Cx
Maruti,2013,125000,39000,Petrol,Suzuki Alto
Maruti,2009,135000,45000,Petrol,Suzuki Wagon
Maruti,2006,135000,45000,Petrol,Suzuki Swift
Tata,2012,285000,65000,Diesel,Sumo Victa
Maruti,2010,145000,54870,Petrol,Suzuki Wagon
Maruti,2010,135000,34580,Petrol,Suzuki Alto
Volkswagen,2009,450000,97000,Diesel,Passat Diesel
Renault,2015,375000,25000,Diesel,Scala RxL
Mahindra,2013,375000,20000,Diesel,Quanto C8
Hyundai,2014,365000,20000,Petrol,Grand i10
Hyundai,2015,500000,18000,Petrol,i20 Active
Mahindra,2012,400000,35000,Diesel,Xylo E4
Mahindra,2019,390000,60,Diesel,Jeep MM
Renault,2012,501000,35000,Diesel,Duster 110PS
Mahindra,2013,330000,80200,Diesel,Bolero SLE
Force,2015,580000,3200,Diesel,Motors Force
Maruti,2012,265000,46000,Diesel,Suzuki SX4
Mahindra,2019,379000,0,Diesel,Jeep CL550
Maruti,2015,219000,5000,Petrol,Suzuki Alto
Mahindra,2018,385000,588,Diesel,Jeep CL550
Toyota,2011,275000,36000,Diesel,Etios
Volkswagen,2015,330000,38000,Diesel,Polo
Honda,2008,110000,45000,Petrol,City ZX
Maruti,2006,80000,71200,Petrol,Suzuki Wagon
Honda,2016,519000,52000,Diesel,City VX
Mahindra,2016,730000,29000,Diesel,Thar CRDe
Mitsubishi,2015,1475000,47000,Diesel,Pajero Sport
Audi,2009,699000,47000,Petrol,A4 1.8
Mercedes,2015,2000000,20000,Diesel,Benz GLA
Land,2015,2100000,30000,Diesel,Rover Freelander
Renault,2017,340000,5000,Petrol,Kwid RXT
Tata,2014,390000,35000,Diesel,Aria Pleasure
Mercedes,2014,1400000,31000,Petrol,Benz B
Datsun,2016,245000,7000,Petrol,GO T
Tata,2016,320000,175430,Diesel,Indigo eCS
Tata,2016,320000,175400,Diesel,Indigo eCS
Honda,2016,450000,41000,Petrol,Jazz VX
Honda,2014,311000,33000,Petrol,Amaze 1.2
Honda,2013,284999,46000,Diesel,Amaze
Honda,2012,399999,45000,Petrol,City
Honda,2015,599999,39000,Diesel,City
Honda,2015,344999,22000,Petrol,Amaze
Audi,2009,699000,47000,Petrol,A4 1.8
Force,2015,580000,3200,Diesel,Motors Force
Mahindra,2015,855000,30000,Diesel,Scorpio S4
Hyundai,2015,535000,37000,Diesel,i20 Active
Mini,2013,1891111,13000,Petrol,Cooper S
Maruti,2017,699000,14000,Petrol,Suzuki Ciaz
Chevrolet,2013,375000,55000,Diesel,Tavera Neo
Honda,2013,284999,46000,Diesel,Amaze
Hyundai,2012,178000,30000,Petrol,Eon Sportz
Tata,2013,300000,50000,Diesel,Sumo Gold
Maruti,2003,90000,45000,Petrol,Suzuki Wagon
Maruti,2006,95000,45000,Petrol,Suzuki Esteem
Maruti,2015,255000,9300,Petrol,Suzuki Eeco
Chevrolet,2013,245000,55000,Diesel,Enjoy 1.4
Hyundai,2012,329500,36200,Diesel,i20 Asta
Ford,2014,195000,50000,Diesel,Figo Diesel
Maruti,2015,251111,55000,Petrol,Suzuki Eeco
Maruti,2014,569999,45000,Petrol,Suzuki Ertiga
Maruti,2007,69999,51000,Petrol,Suzuki Esteem
Maruti,2014,299999,19000,Petrol,Suzuki Ritz
Maruti,2009,220000,46000,Petrol,Suzuki Dzire
Maruti,2013,399999,33000,Diesel,Suzuki Ritz
Maruti,2010,249999,36000,Petrol,Suzuki SX4
Maruti,2015,289999,22000,Petrol,Suzuki Wagon
Mini,2013,1891111,13500,Petrol,Cooper S
Nissan,2015,499999,60000,Diesel,Terrano XL
Renault,2013,489999,27000,Diesel,Duster 85
Renault,2014,489999,59000,Diesel,Duster 85
Renault,2015,549999,19000,Diesel,Duster 85
Maruti,2013,380000,30000,Petrol,Suzuki Dzire
Renault,2018,325000,15000,Petrol,Kwid RXT
Maruti,2003,57000,56758,Petrol,Suzuki Maruti
Renault,2018,349999,10000,Petrol,Kwid 1.0
Renault,2018,689999,20000,Diesel,Lodgy 85
Renault,2014,349999,49000,Diesel,Scala RxL
Hyundai,2014,410000,41000,Petrol,Grand i10
Maruti,2011,225000,45000,Petrol,Suzuki Swift
Chevrolet,2010,120000,43000,Petrol,Beat LS
Tata,2016,320000,175430,Diesel,Indigo eCS
Hyundai,2000,59000,56450,Petrol,Santro Xing
Hyundai,2015,540000,38000,Diesel,Fluidic Verna
Chevrolet,2010,80000,56000,Petrol,Beat LS
Mahindra,2013,340000,37000,Diesel,Quanto C8
Fiat,2008,75000,65000,Petrol,Petra ELX
Chevrolet,2015,220000,32700,Petrol,Beat LS
Skoda,2011,159500,38200,Diesel,Fabia 1.2L
Ford,2016,599000,30000,Diesel,EcoSport Titanium
Hyundai,2006,80000,56000,Petrol,Accent GLX
Mahindra,2016,675000,9000,Diesel,TUV300 T4
Mini,2013,1891111,13000,Petrol,Cooper S
Mini,2013,1891111,13000,Petrol,Cooper S
Tata,2008,150000,11000,Petrol,Indica V2
Mini,2013,1891111,13000,Petrol,Cooper S
Tata,2009,72500,46000,Diesel,Indigo CS
Maruti,2019,610000,73,Petrol,Suzuki Swift
Mahindra,2004,230000,160000,Diesel,Scorpio VLX
Honda,2009,175000,58559,Petrol,Accord
Mahindra,2015,855000,30000,Diesel,Scorpio S4
Chevrolet,2013,375000,55000,Diesel,Tavera Neo
Ford,2014,520000,57000,Diesel,EcoSport Titanium
Maruti,2015,524999,50000,Diesel,Suzuki Ertiga
Honda,2014,299999,37000,Petrol,Amaze
Maruti,2012,299999,40000,Petrol,Suzuki Dzire
Honda,2011,284999,55000,Petrol,City
Mahindra,2007,220000,170000,Diesel,Scorpio 2.6
Maruti,2014,424999,55000,Diesel,Suzuki Dzire
Honda,2015,644999,39000,Petrol,City
Honda,2014,399999,44000,Petrol,Mobilio
Toyota,2009,199999,65000,Petrol,Corolla Altis
Honda,2014,584999,39000,Petrol,City
Skoda,2012,349999,44000,Diesel,Laura
Renault,2015,449999,49000,Diesel,Duster
Maruti,2018,799999,9000,Diesel,Suzuki Ertiga
Maruti,2015,444999,45000,Diesel,Suzuki Dzire
Mahindra,2014,649999,47000,Diesel,XUV500
Hyundai,2012,444999,40000,Diesel,Verna Fluidic
Maruti,2016,689999,29000,Diesel,Suzuki Vitara
Maruti,2016,344999,15000,Petrol,Suzuki Wagon
Mahindra,2015,944999,45000,Diesel,Scorpio
Honda,2014,274999,35000,Petrol,Amaze
Mahindra,2013,689999,80000,Diesel,XUV500
Mahindra,2013,574999,68000,Diesel,Scorpio
Skoda,2013,374999,50000,Diesel,Laura
Volkswagen,2010,199999,60000,Diesel,Polo
Hyundai,2016,549999,9000,Petrol,Elite i20
Tata,2012,130000,72000,Diesel,Manza Aura
Chevrolet,2013,210000,60000,Petrol,Sail UVA
Renault,2012,501000,38000,Diesel,Duster 110
Hyundai,2013,401000,45000,Diesel,Verna Fluidic
Audi,2012,1350000,40000,Diesel,A4 2.0
Hyundai,2013,600000,20000,Petrol,Elantra SX
Mahindra,2013,610000,35000,Diesel,Scorpio VLX
Mahindra,2016,400000,20000,Diesel,KUV100 K8
Renault,2015,375000,25000,Diesel,Scala RxL
Mahindra,2013,375000,20000,Diesel,Quanto C8
Hyundai,2014,365000,20000,Petrol,Grand i10
Hyundai,2015,500000,18000,Petrol,i20 Active
Mahindra,2012,400000,35000,Diesel,Xylo E4
Hyundai,2017,524999,6821,Petrol,Grand i10
Hyundai,2014,449999,23000,Petrol,i20
Hyundai,2014,174999,14000,Petrol,Eon
Hyundai,2012,244999,38000,Petrol,i10
Hyundai,2015,574999,35000,Diesel,i20 Active
Datsun,2017,244999,22000,Petrol,Redi GO
Toyota,2011,239999,41000,Petrol,Etios Liva
Hyundai,2010,99999,45000,Petrol,Accent
Hyundai,2014,489999,44000,Diesel,Verna
Maruti,2013,324999,45000,Diesel,Suzuki Swift
Toyota,2011,1074999,52000,Diesel,Fortuner
Hyundai,2012,230000,34000,Petrol,i10 Sportz
Mahindra,2018,699000,1800,Diesel,Bolero Power
Mahindra,2015,1000000,15000,Diesel,XUV500
Honda,2010,240000,400000,Petrol,City 1.5
Chevrolet,2009,110000,44000,Petrol,Spark LT
Mahindra,2019,390000,60,Diesel,Jeep MM
Renault,2012,501000,35000,Diesel,Duster 110PS
Mahindra,2016,1130000,72000,Diesel,XUV500
Tata,2014,250000,40000,Diesel,Indigo eCS
Mahindra,2013,330000,80200,Diesel,Bolero SLE
Force,2015,580000,3200,Diesel,Motors Force
Skoda,2013,340000,48000,Diesel,Rapid Elegance
Tata,2011,120000,90000,Diesel,Vista Quadrajet
Maruti,2015,265000,12000,Petrol,Suzuki Alto
Maruti,2012,265000,46000,Diesel,Suzuki SX4
Maruti,2003,85000,69900,Petrol,Suzuki Zen
Mahindra,2019,379000,0,Diesel,Jeep CL550
Hyundai,2011,175000,45000,Petrol,i10 Magna
Maruti,2015,219000,5000,Petrol,Suzuki Alto
Maruti,2016,350000,166000,Diesel,Suzuki Swift
Honda,2008,149000,42000,Petrol,City ZX
Mahindra,2018,385000,588,Diesel,Jeep CL550
Mahindra,2006,425000,122,Diesel,Jeep MM
Chevrolet,2017,150000,62000,Diesel,Beat Diesel
Honda,2010,225000,70000,Petrol,City 1.5
Hyundai,2014,375000,36000,Petrol,Verna 1.4
Toyota,2012,770000,0,Diesel,Innova 2.5
Maruti,1995,30000,55000,Petrol,Suzuki Maruti
Toyota,2011,275000,36000,Diesel,Etios
Volkswagen,2015,330000,38000,Diesel,Polo
Maruti,2014,335000,55000,Diesel,Suzuki Swift
Hyundai,2015,450000,20000,Diesel,Elite i20
Maruti,2012,225000,40000,Petrol,Suzuki Swift
Maruti,2004,80000,50000,Petrol,Suzuki Versa
Tata,2016,130000,104000,Diesel,Indigo LX
Volkswagen,2011,245000,65000,Diesel,Vento Konekt
Mercedes,2002,399000,41000,Petrol,Benz C
Maruti,2013,450000,90000,Diesel,Suzuki Ertiga
Honda,2000,65000,80000,Petrol,City
Hyundai,2006,75000,46000,Petrol,Santro Xing
Maruti,2001,70000,70000,Petrol,Suzuki Omni
Hyundai,2017,190000,36469,Diesel,Sonata Transform
Hyundai,2018,600000,7800,Petrol,Elite i20
Volkswagen,2011,245000,65000,Diesel,Vento Konekt
Maruti,2017,240000,60000,Petrol,Suzuki Alto
Maruti,2011,155000,32000,Petrol,Suzuki Alto
Honda,2009,169999,24695,Petrol,Jazz S
Hyundai,2017,450000,15141,Petrol,Grand i10
Maruti,2001,40000,40000,Petrol,Suzuki Zen
Mahindra,2012,165000,65000,Diesel,Scorpio W
Maruti,2014,270000,22000,Petrol,Suzuki Alto
Hyundai,2016,280000,59910,Diesel,Grand i10
Mahindra,2012,560000,100000,Diesel,XUV500 W8
Hyundai,2016,950000,25000,Petrol,Creta 1.6
Hyundai,2013,310000,35000,Petrol,i20 Magna
Renault,2015,715000,65000,Diesel,Duster 85
Hyundai,2014,340000,35000,Petrol,Grand i10
Honda,2012,235000,33000,Petrol,Brio V
Mahindra,2017,610000,68000,Diesel,TUV300 T4
Chevrolet,2010,95000,23000,Petrol,Spark LS
Mahindra,2018,1000000,4500,Diesel,TUV300 T8
Maruti,2015,220000,129000,Diesel,Suzuki Swift
Nissan,2019,1200000,300,Diesel,X Trail
Maruti,2015,230000,5000,Petrol,Suzuki Alto
Ford,2001,45000,65000,Petrol,Ikon 1.3
Toyota,2010,940000,131000,Diesel,Fortuner 3.0
Tata,2010,155555,111111,Petrol,Manza ELAN
Mercedes,2013,1500000,14000,Petrol,Benz A
Chevrolet,2016,210000,22000,Diesel,Beat LS
Ford,2013,495000,38000,Diesel,EcoSport Trend
Tata,2016,125000,70000,Diesel,Indigo LS
Hyundai,2010,195000,36000,Petrol,i20 Magna
Volkswagen,2015,550000,34000,Diesel,Vento Highline
Renault,2015,270000,43000,Petrol,Kwid RXT
Ford,2014,500000,40000,Diesel,EcoSport Titanium
Honda,2016,240000,160000,Diesel,Amaze 1.5
Hyundai,2017,800000,12000,Petrol,Verna 1.6
BMW,2011,1299000,49000,Diesel,5 Series
Skoda,2011,530000,68000,Petrol,Superb 1.8
Audi,2013,1499000,37000,Diesel,Q3 2.0
Mahindra,2012,220000,59466,Diesel,Bolero DI
Mahindra,2015,900000,97200,Diesel,Scorpio S10
Ford,2012,250000,99000,Diesel,Figo Duratorq
Maruti,2018,395000,25500,Petrol,Suzuki Wagon
Mahindra,2009,130000,66000,Petrol,Logan Diesel
Tata,2010,32000,44005,Petrol,Nano GenX
Mahindra,2016,540000,35000,Diesel,TUV300 T4
Mahindra,2016,540000,35000,Diesel,TUV300 T4
Hyundai,2015,405000,28000,Petrol,Elite i20
Hyundai,2015,400000,30000,Petrol,Elite i20
Honda,2017,760000,4000,Petrol,City SV
Maruti,2016,500000,28000,Petrol,Suzuki Baleno
Ford,2011,175000,75000,Petrol,Figo Petrol
Mahindra,2015,900000,97200,Diesel,Scorpio S10
Honda,2017,750000,3000,Petrol,City
Hyundai,2015,419000,20000,Petrol,Elite i20
Maruti,2004,90000,50000,Petrol,Suzuki Versa
Hyundai,2018,140000,2110,Petrol,Eon Era
Mitsubishi,2015,1540000,43222,Petrol,Pajero Sport
Hyundai,2008,275000,100200,Petrol,i10 Magna
Toyota,2003,150000,100000,Petrol,Corolla H2
Maruti,2011,230000,65,Petrol,Suzuki Swift
Tata,2015,123000,100000,Diesel,Indigo CS
Mahindra,2015,900000,97200,Diesel,Scorpio S10
Mahindra,2015,900000,97200,Diesel,Scorpio S10
Hyundai,2016,300000,140000,Diesel,Xcent Base
Honda,2015,499999,55000,Petrol,City
Hyundai,2009,165000,48000,Petrol,Accent Executive
Maruti,2016,498000,22000,Petrol,Suzuki Baleno
Tata,2018,480000,103553,Diesel,Zest XE
Maruti,2017,488000,80000,Diesel,Suzuki Dzire
Tata,2014,250000,99000,Diesel,Sumo Gold
Toyota,2010,220000,58000,Petrol,Corolla Altis
Maruti,2013,290000,70000,LPG,Suzuki Eeco
Toyota,2015,1525000,120000,Diesel,Fortuner 3.0
Mahindra,2013,548900,49800,Diesel,XUV500 W6
Tata,2019,650000,100,Diesel,Tigor Revotron
Maruti,2001,55000,81876,Petrol,Suzuki 800
Maruti,2015,550000,75000,Petrol,Suzuki Ertiga
Maruti,2004,90000,50000,Petrol,Suzuki Versa
Honda,2014,399000,44000,Diesel,Mobilio S
Maruti,2016,730000,55000,Diesel,Suzuki Ertiga
Maruti,2017,725000,36000,Diesel,Suzuki Vitara
Hyundai,2016,195000,56000,Diesel,Verna 1.6
Maruti,2007,130000,62000,Petrol,Suzuki Swift
Toyota,2015,1525000,120000,Diesel,Fortuner 3.0
Maruti,2014,190000,6020,Petrol,Suzuki Omni
Honda,2013,250000,55700,Diesel,Amaze
Tata,2005,80000,42000,Petrol,Indica
Hyundai,2003,120000,50000,Petrol,Santro Xing
Maruti,2010,149000,35000,Petrol,Suzuki Zen
Maruti,2014,250000,18500,Petrol,Suzuki Wagon
Maruti,2007,120000,7000,Petrol,Suzuki Wagon
Honda,2017,450000,11000,Petrol,Brio VX
Maruti,2003,99999,53000,Petrol,Suzuki Zen
Maruti,2008,135000,23000,Petrol,Suzuki Zen
Maruti,2016,225000,35500,Diesel,Suzuki Wagon
Maruti,2010,99000,22134,Petrol,Suzuki Alto
Renault,2019,370000,1000,Petrol,Kwid RXT
Tata,2010,52000,9000,Petrol,Nano Lx
Jaguar,2016,2800000,8500,Petrol,XE XE
Hyundai,2014,190000,35000,Petrol,Eon Magna
Honda,2014,499000,22000,Petrol,City 1.5
Hindustan,2002,90000,25000,Diesel,Motors Ambassador
Maruti,2010,149000,40000,Petrol,Suzuki Ritz
Hyundai,2017,400000,20000,Petrol,Grand i10
Hyundai,2016,120000,87000,Petrol,Eon D
Maruti,2015,250000,55000,Petrol,Suzuki Swift
Maruti,2017,375000,23000,Petrol,Suzuki Wagon
Honda,2014,381000,6000,Petrol,Amaze 1.2
Maruti,2013,180000,65000,Petrol,Suzuki Estilo
Maruti,2016,580000,25000,Diesel,Suzuki Vitara
Maruti,2015,278000,39000,Petrol,Suzuki Eeco
Hyundai,2016,1000000,8000,Petrol,Creta 1.6
Mahindra,2013,690000,75000,Diesel,Scorpio Vlx
Maruti,2012,480000,51000,Diesel,Suzuki Ertiga
Mitsubishi,2006,85000,50000,Petrol,Lancer 1.8
Maruti,2001,40000,75000,Petrol,Suzuki Maruti
Maruti,2015,90000,55800,Petrol,Suzuki Alto
Hyundai,2015,340000,53000,Petrol,Grand i10
Hyundai,2018,260000,25000,Petrol,Eon D
Ford,2009,250000,56400,Petrol,Fiesta SXi
Maruti,2010,180000,72160,Diesel,Suzuki Ritz
Hyundai,2012,350000,10000,Diesel,Verna Fluidic
Maruti,2006,90001,48000,Petrol,Suzuki Wagon
Maruti,2007,115000,36000,Petrol,Suzuki Estilo
Audi,2012,1599000,11500,Diesel,A6 2.0
Maruti,2003,130000,133000,Petrol,Suzuki Wagon
Maruti,2009,159000,27000,Petrol,Suzuki Wagon
Maruti,2009,160000,35000,Petrol,Suzuki Wagon
Maruti,2010,110000,55000,Petrol,Suzuki Alto
Maruti,2016,425000,40000,Petrol,Suzuki Baleno
Hyundai,2019,900000,2000,Petrol,Verna 1.6
Maruti,2009,150000,45000,Petrol,Suzuki Swift
Hyundai,2009,110000,20000,Petrol,Getz Prime
Hyundai,2000,51999,88000,Petrol,Santro
Hyundai,2009,115000,20000,Petrol,Getz Prime
Chevrolet,2012,215000,65422,Diesel,Beat PS
Ford,2017,580000,10000,Petrol,EcoSport Trend
Maruti,2013,380000,35000,Petrol,Suzuki Dzire
Hyundai,2013,350000,117000,Diesel,Fluidic Verna
Tata,2005,35000,150000,Diesel,Indica V2
BMW,2011,1150000,72000,Diesel,X1 xDrive20d
Hyundai,2010,300000,10750,Petrol,i20 Asta
Honda,2009,269000,55000,Petrol,City 1.5
Tata,2013,60000,6800,Petrol,Nano
Chevrolet,2014,400000,41000,Diesel,Cruze LTZ
Hyundai,2015,430000,73000,Diesel,Verna Fluidic
Maruti,2011,140000,65000,Diesel,Suzuki Swift
Mahindra,2014,8500003,45000,Diesel,XUV500 W6
Mahindra,2018,1299000,40000,Diesel,XUV500 W10
Maruti,2014,199000,37000,Petrol,Suzuki Alto
Hyundai,2006,90000,55000,Petrol,Accent GLE
Force,2013,550000,140000,Diesel,Motors One
Maruti,2019,265000,9800,Petrol,Suzuki Alto
Chevrolet,2011,100000,27000,Petrol,Spark 1.0
Hyundai,2009,215000,27000,Petrol,i10
Toyota,2012,380000,20000,Diesel,Etios Liva
Renault,2013,401919,57923,Diesel,Duster 85PS
Chevrolet,2014,490000,30201,Diesel,Enjoy
Maruti,2017,280000,6200,Petrol,Suzuki Alto
BMW,2009,650000,37518,Petrol,5 Series
Toyota,2014,160000,24652,Petrol,Etios Liva
Mahindra,2004,424000,383,Diesel,Jeep MM
Chevrolet,2016,225000,95000,Diesel,Beat LS
Chevrolet,2011,350000,35000,Diesel,Cruze LTZ
Jeep,2015,950000,3528,Diesel,Wrangler Unlimited
Maruti,2013,485000,52500,Diesel,Suzuki Ertiga
Hyundai,2010,205000,47900,Diesel,Verna VGT
Maruti,2012,160000,14000,Petrol,Suzuki Omni
Maruti,2018,310000,37000,Petrol,Suzuki Celerio
Tata,2017,180000,90000,Diesel,Zest Quadrajet
Mahindra,2013,549900,52800,Diesel,XUV500 W6
Tata,2016,150000,104000,Diesel,Indigo CS
Hyundai,2011,175000,30000,Petrol,i10 Era
Tata,2014,95000,195000,Diesel,Indigo eCS
Tata,2016,230000,104000,Diesel,Indigo LX
Tata,2016,230000,104000,Diesel,Indigo eCS
Tata,2004,180000,70000,Diesel,Indigo Marina
Hyundai,2015,400000,43000,Diesel,Xcent SX
Hyundai,2013,185000,23000,Petrol,Eon Magna
Renault,2015,385000,51000,Diesel,Duster 85
Maruti,2009,90000,62000,Petrol,Suzuki Alto
Tata,2010,32000,48008,Petrol,Nano LX
Renault,2013,435000,39000,Diesel,Duster 110
Maruti,2010,225000,40000,Petrol,Suzuki Wagon
Maruti,2006,189700,48247,Petrol,Suzuki Swift
Maruti,2012,389700,39000,Diesel,Suzuki Ertiga
Maruti,2014,365000,23000,Petrol,Suzuki Swift
Maruti,2017,360000,9400,Petrol,Suzuki Alto
Hyundai,2010,210000,50000,Petrol,i20 Magna
Hyundai,2009,170000,75000,Petrol,i10 Magna
Tata,2017,380000,70000,Diesel,Zest XE
Mahindra,2009,295000,64000,Diesel,Xylo E8
Toyota,2010,185000,55000,Petrol,Corolla Altis
Tata,2014,160000,200000,Diesel,Manza Aqua
Renault,2018,290000,2137,Petrol,Kwid 1.0
Tata,2013,100000,30000,Diesel,Venture EX
Maruti,2014,315000,44000,Petrol,Suzuki Swift
Skoda,2006,114990,65000,Diesel,Octavia Classic
Maruti,2012,120000,160000,LPG,Suzuki Omni
Chevrolet,2011,125000,56000,Diesel,Beat Diesel
Tata,2012,210000,75000,Diesel,Sumo Gold
Hyundai,2018,855000,42000,Diesel,Verna 1.6
Tata,2012,210000,75000,Diesel,Sumo Gold
Mahindra,2007,260000,56000,Diesel,Scorpio 2.6
Maruti,2002,95000,10544,Petrol,Suzuki Zen
Maruti,2011,255000,64000,Petrol,Suzuki Swift
Mahindra,2008,300000,70000,Diesel,Scorpio SLX
Hyundai,2014,340000,25000,Petrol,Grand i10
Hyundai,2017,550000,15000,Petrol,Elite i20
Ford,2003,60000,50000,Petrol,Ikon 1.6
Toyota,2011,750000,147000,Diesel,Innova 2.5
Nissan,2011,230000,52000,Petrol,Sunny XL
Chevrolet,2012,130000,90001,Diesel,Beat LT
Maruti,2017,270000,21000,Petrol,Suzuki Alto
Maruti,2012,280000,48006,Diesel,Suzuki Swift
Maruti,2012,280000,48006,Diesel,Suzuki Swift
Maruti,2012,280000,48006,Diesel,Suzuki Swift
Toyota,2012,600000,80000,Diesel,Innova 2.0
Maruti,2010,190000,74000,Diesel,Suzuki Swift
Hyundai,2015,500000,22000,Petrol,Elite i20
Mahindra,2016,1065000,41000,Diesel,XUV500 W10
Volkswagen,2015,350000,25000,Diesel,Polo Trendline
Toyota,2012,350000,85000,Diesel,Etios Liva
Mahindra,2016,540000,29500,Diesel,TUV300 T4
Hyundai,2015,470000,30000,Petrol,Elite i20
Hyundai,2014,179000,57000,Petrol,Santro Xing
Maruti,2003,48000,60000,Petrol,Suzuki Zen
Maruti,2016,650000,50000,Petrol,Suzuki Ciaz
Hyundai,2013,190000,39700,Petrol,Eon Era
Hyundai,2012,500000,65000,Petrol,Elantra 1.8
Maruti,2010,270000,67000,Diesel,Suzuki Swift
Maruti,2008,125000,46000,Petrol,Suzuki Zen
Hyundai,2012,188000,38000,Petrol,Eon Era
Hyundai,2016,380000,27000,Petrol,Grand i10
Hyundai,2011,365000,43000,Diesel,Verna Fluidic
Ford,2014,465000,47000,Petrol,EcoSport Trend
Hyundai,2011,240000,42000,Petrol,i20 Magna
Chevrolet,2016,179999,19336,Diesel,Beat Diesel
Tata,2015,140000,60105,Diesel,Indica eV2
Jaguar,2013,2190000,29000,Diesel,XF 2.2
Audi,2014,2390000,34000,Diesel,Q5 2.0
BMW,2011,1075000,35000,Diesel,3 Series
Maruti,2015,475000,22000,Petrol,Suzuki Swift
BMW,2012,1025000,41000,Diesel,X1 sDrive20d
Maruti,2016,615000,21000,Diesel,Suzuki S
Maruti,2013,475000,48000,Diesel,Suzuki Ertiga
Maruti,2016,270000,38000,Petrol,Suzuki Alto
Honda,2014,475000,34000,Diesel,City SV
Volkswagen,2011,240000,45933,Petrol,Vento Comfortline
Honda,2005,120000,68000,Petrol,City 1.5
Audi,2016,1900000,44000,Diesel,A4 2.0
Mahindra,2017,360000,35000,Diesel,KUV100
Tata,2018,450000,102563,Diesel,Zest XE
Mahindra,2015,900000,28600,Diesel,XUV500 W8
Maruti,2017,650000,41800,Diesel,Suzuki Swift
Tata,2014,275000,116000,Diesel,Sumo Gold
Maruti,2009,210000,59000,Petrol,Suzuki Swift
Mahindra,2004,175000,58000,Diesel,Scorpio 2.6
Maruti,2009,85000,45000,Petrol,Suzuki Omni
Mitsubishi,2015,1490000,42590,Diesel,Pajero Sport
Renault,2014,800000,7400,Diesel,Duster
Volkswagen,2009,450000,54500,Diesel,Jetta Comfortline
Maruti,2012,1000000,200000,Diesel,Suzuki Ertiga
Audi,2013,1510000,27000,Diesel,A4 2.0
Volvo,2015,1850000,42000,Diesel,S80 Summum
Toyota,2014,790000,29000,Petrol,Corolla Altis
Mitsubishi,2015,1725000,37000,Diesel,Pajero Sport
Chevrolet,2012,135000,36000,Petrol,Beat LT
BMW,2011,1000000,34000,Diesel,X1
Datsun,2018,299999,7000,Petrol,Redi GO
Mercedes,2009,1225000,76000,Diesel,Benz C
Mahindra,2004,175000,60000,Diesel,Scorpio SLX
Volkswagen,2011,200000,95000,Diesel,Vento Comfortline
Tata,2017,270000,50000,Diesel,Indigo CS
Ford,2019,525000,0,Petrol,Figo Petrol
Honda,2006,180000,50000,Petrol,City ZX
Maruti,2008,140000,68000,Petrol,Suzuki Wagon
Ford,2014,400000,16000,Petrol,EcoSport Trend
Maruti,2016,499000,51000,Diesel,Suzuki Swift
Maruti,2009,85000,56000,Petrol,Suzuki Omni
Maruti,2004,70000,100000,Petrol,Suzuki Zen
Renault,2015,550000,36000,Petrol,Duster RxL
Maruti,2014,370000,11523,Petrol,Suzuki Swift
Maruti,2018,690000,1000,Petrol,Suzuki Baleno
Honda,2009,250000,60000,Petrol,WR V
Tata,2016,110000,85000,Diesel,Indigo CS
Renault,2013,490000,38600,Diesel,Duster 110
Mahindra,2009,320000,95500,Diesel,Scorpio LX
Maruti,2004,68000,56000,Petrol,Suzuki Zen
Maruti,2014,130000,37458,Petrol,Suzuki Wagon
Maruti,2016,970000,85960,Diesel,Suzuki SX4
Audi,2015,3100000,12516,Petrol,A3 Cabriolet
Hyundai,2018,280000,35000,Petrol,Eon D
Maruti,2009,125000,0,Petrol,Suzuki Zen
Mahindra,2008,285000,80000,Diesel,Scorpio SLX
Hyundai,2011,165000,45000,Petrol,Santro AE
Maruti,2009,250000,51000,Diesel,Suzuki Swift
Mahindra,2015,865000,30000,Diesel,Scorpio S4
Mahindra,2011,390000,48000,Diesel,Xylo D2
Hyundai,2003,60000,51000,Petrol,Santro
Chevrolet,2015,215000,90000,Diesel,Beat LT
Maruti,2015,475000,43000,Diesel,Suzuki Swift
Mahindra,2015,899000,53000,Diesel,XUV500 W8
Toyota,2013,1499000,97000,Diesel,Fortuner 3.0
Maruti,2013,240000,20000,Petrol,Suzuki Alto
Hyundai,2007,99000,55000,Petrol,Getz GLE
Maruti,2014,260000,120000,Diesel,Suzuki Swift
Hyundai,2019,1200000,0,Petrol,Creta 1.6
Hyundai,2007,115000,46000,Petrol,Santro Xing
Hyundai,2009,88000,43200,Petrol,Santro Xing
Mahindra,2011,390000,56000,Diesel,Xylo D2
Hyundai,2007,135000,42000,Petrol,Santro Xing
Tata,2009,90000,30600,Diesel,Indica V2
Hyundai,2011,220000,38000,Petrol,i10 Sportz
Hyundai,2017,424999,2550,Petrol,Grand i10
Hyundai,2007,135000,47000,Petrol,Santro Xing
Honda,2005,95000,41000,Petrol,City 1.5
Nissan,2017,430000,62500,Diesel,Micra XL
Honda,2005,115000,68000,Petrol,City 1.5
Maruti,2015,215000,50000,Petrol,Suzuki Alto
Maruti,2004,53000,69000,Petrol,Suzuki Wagon
Maruti,2012,500000,48000,Diesel,Suzuki Ertiga
Tata,2012,85000,55000,Diesel,Indica eV2
Maruti,2013,165000,25000,Petrol,Suzuki Omni
Hyundai,2014,200000,28400,Petrol,Eon Era
Hyundai,2014,200000,28000,Petrol,Eon
Maruti,2015,425000,42000,Diesel,Suzuki Swift
Hyundai,2012,600000,29000,Diesel,Verna 1.6
Chevrolet,2005,130000,68485,Diesel,Tavera LS
Tata,2018,430000,3500,Petrol,Tiago Revotron
Tata,2019,568500,0,Petrol,Tiago Revotorq
Maruti,2006,71000,32000,Petrol,Suzuki Zen
Mahindra,2018,560000,8000,Diesel,KUV100 K8
Ford,2014,590000,34000,Diesel,EcoSport Titanium
Hindustan,1995,750000,37000,Petrol,Motors Ambassador
Ford,2007,125000,85455,Diesel,Fusion 1.4
Hyundai,2007,135000,46000,Petrol,Santro Xing
Hyundai,2002,60000,47000,Petrol,Santro
Fiat,2009,120000,64000,Petrol,Linea Emotion
Ford,2008,95000,46000,Petrol,Ikon 1.3
Maruti,2017,240000,8000,Petrol,Suzuki Omni
Tata,2012,115000,64000,Diesel,Indica V2
Mahindra,2015,795000,63000,Diesel,Scorpio S4
Hyundai,2007,55000,65000,Petrol,Santro Xing
Mahindra,2009,300000,62000,Diesel,Xylo D2
Hyundai,2014,320000,41000,Petrol,Grand i10
Maruti,2015,265000,14000,Petrol,Suzuki Alto
Toyota,2006,160000,40000,Petrol,Corolla
Hyundai,2017,300000,1600,Petrol,Eon Magna
Tata,2010,130000,90000,Diesel,Sumo Grande
Maruti,2011,250000,58000,Diesel,Suzuki Swift
Volkswagen,2013,380000,27000,Petrol,Polo Highline1.2L
Maruti,2003,42000,60000,Petrol,Suzuki Alto
Tata,2017,400000,31000,Petrol,Tiago Revotron
Maruti,2009,120000,90000,Diesel,Suzuki Swift
Maruti,2009,120000,90000,Diesel,Suzuki Swift
Tata,2016,130000,150000,Diesel,Indigo eCS
Chevrolet,2014,189000,31000,Diesel,Beat LS
Mahindra,2011,365000,43000,Diesel,Xylo E8
Hyundai,2013,170000,20000,Petrol,Eon D
Tata,2013,215000,100000,Petrol,Sumo Gold
Tata,2013,60000,7000,Petrol,Nano
Hyundai,2017,599999,31000,Petrol,Elite i20
Hyundai,2009,400000,33000,Petrol,i10 Magna
Hyundai,2016,900000,60000,Diesel,Creta
Volkswagen,2013,299999,48000,Diesel,Polo
Maruti,2014,374999,33000,Petrol,Suzuki Dzire
Tata,2015,600000,15000,Petrol,Bolt XM
Maruti,2005,70000,47000,Petrol,Suzuki Alto
Maruti,2005,100000,40000,Petrol,Suzuki Alto
Maruti,2010,150000,38000,Diesel,Suzuki Ritz
Maruti,2017,225000,12500,Petrol,Suzuki Alto
Maruti,2009,210000,42000,Petrol,Suzuki Dzire
Hyundai,2014,425000,31000,Petrol,i20 Asta
Maruti,2008,162000,60000,Diesel,Suzuki Swift
Tata,2005,60000,80000,Diesel,Indica V2
Mahindra,2014,650000,77000,Diesel,Scorpio VLX
Toyota,2012,750000,75000,Diesel,Innova 2.5
Mahindra,2010,375000,40000,Diesel,Xylo E8
Hyundai,2011,230000,47000,Petrol,i20 Magna
Maruti,2000,35999,60000,Petrol,Suzuki Omni
Mahindra,2016,380000,26500,Petrol,KUV100
Mahindra,2019,560000,2875,Petrol,KUV100 K8
Datsun,2016,285000,13900,Petrol,Go Plus
Ford,2019,2900000,9000,Diesel,Endeavor 4x4
Tata,2005,39999,80000,Diesel,Indica V2
Hyundai,2006,85000,60000,Petrol,Santro Xing
Maruti,2016,395000,20000,Petrol,Suzuki Wagon
Maruti,2008,175000,58000,Diesel,Suzuki Swift
Maruti,2019,400000,1500,Petrol,Suzuki Alto
Toyota,2011,750000,75000,Diesel,Innova 2.5
Maruti,2016,250000,2450,Petrol,Suzuki Alto
Maruti,2019,425000,1625,Petrol,Suzuki Alto
Volkswagen,2017,525000,45000,Petrol,Polo Highline1.2L
Mahindra,2009,130000,65000,Diesel,Logan
Maruti,2000,30000,33400,Petrol,Suzuki 800
Mahindra,2011,475000,60123,Diesel,Scorpio
Chevrolet,2013,300000,28000,Petrol,Sail 1.2
Hyundai,2003,60000,70000,Petrol,Santro AE
Maruti,2006,100000,7000,Petrol,Suzuki Wagon
Hyundai,2018,260000,25000,Petrol,Eon
Tata,2015,100000,100000,Diesel,Manza
Toyota,2013,265000,42000,Petrol,Etios G
Hyundai,2009,115000,20000,Petrol,Getz Prime
Toyota,2003,180000,100000,Diesel,Qualis
Hyundai,2004,45000,137495,Petrol,Santro Xing
Tata,2016,50500,91200,Diesel,Indica eV2
Honda,2009,270000,55000,Petrol,City 1.5
Tata,2017,290000,120000,Diesel,Zest XE
Mahindra,2013,325000,63000,Diesel,Quanto C4
Tata,2016,160000,104000,Diesel,Indigo eCS
Maruti,2016,350000,146000,Diesel,Suzuki Swift
Hyundai,2011,290000,40000,Petrol,Elite i20
Hyundai,2011,290000,40000,Petrol,i20 Select
Chevrolet,2007,465000,100800,Diesel,Tavera Neo
Maruti,2016,325000,150000,Diesel,Suzuki Dzire
Hyundai,2018,510000,2100,Petrol,Elite i20
Honda,2016,860000,95000,Petrol,City VX
Maruti,2016,450000,2500,Diesel,Suzuki Dzire
Hyundai,2006,125000,80000,Petrol,Getz
Mercedes,2006,500001,15000,Petrol,Benz C
Maruti,2005,95000,65000,Petrol,Suzuki Alto
Maruti,2009,250000,51000,Diesel,Suzuki Swift
Skoda,2009,110000,45000,Petrol,Fabia
Maruti,2011,270000,50000,Petrol,Suzuki Ritz
Tata,2009,110000,30000,Diesel,Indica V2
Toyota,2009,300000,132000,Petrol,Corolla Altis
Tata,2018,260000,27000,Diesel,Zest XM
Mahindra,2013,390000,40000,Diesel,Quanto C8
